mutant,esmif1_ll
W55A,-1.190532171904151
W55R,-1.1791586804745802
W55N,-1.1865066983806554
W55D,-1.1966779338779734
W55C,-1.1997122693417677
W55Q,-1.1813254285214552
W55E,-1.1933138263759329
W55G,-1.2001846085733443
W55H,-1.1739654541015625
W55I,-1.2028470395216302
W55L,-1.1906132484549907
W55K,-1.1834413898524954
W55M,-1.1890067484841418
W55F,-1.1770251829232743
W55P,-1.2304562241283816
W55S,-1.1933796441377098
W55T,-1.1904469959771455
W55Y,-1.176675711105119
W55V,-1.1994141535972482
F62A,-1.1995560375612173
F62R,-1.1902372445633163
F62N,-1.1979014837919777
F62D,-1.202747857392724
F62C,-1.2059449153159982
F62Q,-1.1925877813083023
F62E,-1.193366890522971
F62G,-1.1914724093764575
F62H,-1.1909376685299091
F62I,-1.2024367602903452
F62L,-1.1864151456462804
F62K,-1.193633349973764
F62M,-1.193907324947528
F62P,-1.2301246301451725
F62S,-1.2032112007710472
F62T,-1.202179638307486
F62W,-1.1935486295329991
F62Y,-1.1831954272825327
F62V,-1.2028907662007347
V175A,-1.1835609549906716
V175R,-1.1880231259474114
V175N,-1.1809772092904618
V175D,-1.1893057752011427
V175C,-1.1863375991138059
V175Q,-1.1838465448635727
V175E,-1.1883692954903218
V175G,-1.1910111156862173
V175H,-1.1914410946974114
V175I,-1.1782668384153452
V175L,-1.174926074583139
V175K,-1.1973792688170475
V175M,-1.1714520810255364
V175F,-1.1733637567776352
V175P,-1.2128177472014925
V175S,-1.1837588637622434
V175T,-1.1806557498761077
V175W,-1.1835714311742072
V175Y,-1.1836488638351212
I178A,-1.2056358679017025
I178R,-1.2087643751457555
I178N,-1.2229432063316232
I178D,-1.2242226671816698
I178C,-1.2066301943650886
I178Q,-1.2116801703154152
I178E,-1.2112741043318564
I178G,-1.2180897726941464
I178H,-1.2191708692863805
I178L,-1.1985666075749184
I178K,-1.2157942359127216
I178M,-1.2057573688564016
I178F,-1.2074956182223648
I178P,-1.2336104663450327
I178S,-1.2184081575763759
I178T,-1.1979889371501866
I178W,-1.21421301542823
I178Y,-1.211347779231285
I178V,-1.175044842620394
A179R,-1.2094962276629548
A179N,-1.2043060758220616
A179D,-1.1956229138730177
A179C,-1.210804498017724
A179Q,-1.1923855454174441
A179E,-1.190413289995336
A179G,-1.1950402330996386
A179H,-1.2119680376195197
A179I,-1.1983895372988573
A179L,-1.1914010119082323
A179K,-1.2108336491371268
A179M,-1.200565622813666
A179F,-1.1963637622434702
A179P,-1.2387279681305388
A179S,-1.1908245940706623
A179T,-1.1978930572965252
A179W,-1.214141162473764
A179Y,-1.209868018306903
A179V,-1.195913286351446
I182A,-1.195770263671875
I182R,-1.1960533483704525
I182N,-1.199968821966826
I182D,-1.198826804089902
I182C,-1.2026196380159748
I182Q,-1.1906770165286846
I182E,-1.1882410761135727
I182G,-1.2061343975921175
I182H,-1.2002038528670127
I182L,-1.1958215058739505
I182K,-1.196683741327542
I182M,-1.1954615578722598
I182F,-1.2051360856241256
I182P,-1.2287661424323695
I182S,-1.201088407146397
I182T,-1.19358996490934
I182W,-1.2063145424003032
I182Y,-1.2062136521979945
I182V,-1.1789400470790579
A183R,-1.2012815333124418
A183N,-1.196181226132521
A183D,-1.1925051105556204
A183C,-1.1909515608602494
A183Q,-1.1855521130917677
A183E,-1.1854429102655668
A183G,-1.2030974430824393
A183H,-1.1887196782809586
A183I,-1.2071319124591884
A183L,-1.191115308163771
A183K,-1.2013944939001282
A183M,-1.176067409230702
A183F,-1.1702090590747434
A183P,-1.2079700071420243
A183S,-1.1863751767286614
A183T,-1.2031694099084655
A183W,-1.185390187733209
A183Y,-1.1802088040024488
A183V,-1.2040637571420243
W209A,-1.1987862658144823
W209R,-1.2132418048915579
W209N,-1.1953653364039178
W209D,-1.2041427840047807
W209C,-1.1972549210733443
W209Q,-1.197988481663946
W209E,-1.2030017909718984
W209G,-1.2049271313112173
W209H,-1.1876224119271805
W209I,-1.1924020567936684
W209L,-1.1926333299323695
W209K,-1.21226672272184
W209M,-1.1971702006325793
W209F,-1.171292546969741
W209P,-1.210295947630014
W209S,-1.2015783964697995
W209T,-1.192624334079116
W209Y,-1.171869534165112
W209V,-1.1735375247784514
W255A,-1.1753407948052705
W255R,-1.1728051029034514
W255N,-1.1727502168114505
W255D,-1.187896045286264
W255C,-1.165708399530667
W255Q,-1.1668530364534748
W255E,-1.169268024501516
W255G,-1.1897501020289178
W255H,-1.1809402010334071
W255I,-1.17119006256559
W255L,-1.1728097716374184
W255K,-1.1765717463706857
W255M,-1.166027809256938
W255F,-1.181515935641616
W255P,-1.2132659456623134
W255S,-1.1765364461870336
W255T,-1.1696123720994636
W255Y,-1.1823050655535798
W255V,-1.1555837375014575
